DeployID,Ptt,Instr,Date,Duplicates,Satellite,LocationQuality,Latitude,Longitude,Reason,Possible Timestamp,Possible Type,Byte 0,Byte 1,Byte 2,Byte 3,Byte 4,Byte 5,Byte 6,Byte 7,Byte 8,Byte 9,Byte 10,Byte 11,Byte 12,Byte 13,Byte 14,Byte 15,Byte 16,Byte 17,Byte 18,Byte 19,Byte 20,Byte 21,Byte 22,Byte 23,Byte 24,Byte 25,Byte 26,Byte 27,Byte 28,Byte 29,Byte 30,Byte 31
"131118",131118,Mk10,00:16:56 29-Feb-2016,,,,,,CRC 27982.13649,01:43:00 29-Feb-2016,Behavior,182,212,224,186,26,192,83,54,64,8,130,213,116,20,58,32,175,16,18,0,117,56,129,45,14,17,172,64,128,0,0,
"131118",131118,Mk10,01:25:26 29-Feb-2016,,,,,,CRC 24076.4370,00:24:00 25-Feb-2016,Behavior,181,224,192,178,6,0,75,50,65,151,75,45,146,59,176,42,14,169,243,101,56,103,231,175,214,13,52,32,199,123,186,
"131118",131118,Mk10,08:30:49 29-Feb-2016,,,,,,CRC 63101.22334,04:41:00 29-Feb-2016,Behavior,191,103,208,186,74,64,106,182,91,71,132,245,146,3,52,31,162,167,252,120,82,90,36,67,242,33,45,64,77,16,154,
"131118",131118,Mk10,11:24:27 29-Feb-2016,,,,,,CRC 18664.57909,23:53:00 28-Feb-2016,Behavior,180,142,128,185,125,120,22,226,167,34,32,37,178,134,29,128,16,24,16,237,103,112,71,152,249,255,28,144,235,221,83,
"131118",131118,Mk10,22:08:43 29-Feb-2016,,,,,,CRC 6120.25270,00:21:00 23-Sep-2016,Behavior,177,126,130,110,5,124,36,217,4,79,184,1,127,245,2,23,222,58,88,226,15,100,74,67,189,15,185,86,69,245,216,
"131118",131118,Mk10,04:32:58 01-Mar-2016,,,,,,CRC 19426.2952,14:37:00 29-Feb-2016,Behavior,180,190,32,186,233,65,48,136,192,247,14,144,68,9,56,98,38,48,81,197,5,77,96,4,7,194,234,1,217,0,0,
"131118",131118,Mk10,06:53:01 01-Mar-2016,,,,,,CRC 10349.22199,22:01:00 29-Feb-2016,Behavior,178,134,208,187,96,64,172,7,128,24,7,233,127,148,159,192,22,240,3,45,180,173,11,142,4,206,65,94,218,252,185,
"131118",131118,Mk10,07:00:43 01-Mar-2016,,,,,,CRC 63187.13627,22:00:00 28-Feb-2016,DiveDepth,63,109,48,185,101,224,67,240,120,15,11,36,21,130,20,16,8,15,9,101,178,99,5,202,68,106,121,31,135,229,81,
"131118",131118,Mk10,08:00:23 01-Mar-2016,,,,,,CRC 2000.56703,07:28:00 01-Mar-2016,Behavior,176,125,0,194,119,0,122,129,254,0,251,1,124,192,63,254,2,79,110,2,241,10,164,101,9,61,138,108,63,182,0,
"131118",131118,Mk10,08:03:34 01-Mar-2016,,,,,,CRC 63187.25761,22:00:00 28-Feb-2016,DiveDepth,63,109,48,185,101,240,3,255,224,30,30,44,30,31,138,67,207,212,46,170,57,0,241,69,129,128,1,0,8,0,31,
"131118",131118,Mk10,20:49:37 01-Mar-2016,,,,,,CRC 49586.65082,15:54:00 06-Mar-2016,Behavior,188,27,32,204,253,157,28,132,71,221,0,62,128,64,234,83,125,231,63,91,35,44,87,164,97,16,68,158,54,1,169,
"131118",131118,Mk10,00:06:53 02-Mar-2016,,,,,,CRC 15044.32949,21:03:00 29-Feb-2016,Behavior,179,172,64,187,80,193,23,44,128,118,142,177,52,0,64,83,201,160,2,2,41,113,0,96,8,8,97,130,205,9,66,
"131118",131118,Mk10,02:26:45 02-Mar-2016,,,0,-63.6510,-56.3890,CRC 7767.15280,22:07:00 01-Mar-2016,Behavior,177,229,112,195,97,192,33,6,129,128,4,83,6,9,241,123,147,196,23,243,239,136,35,0,11,224,100,60,227,97,91,
"131118",131118,Mk10,02:28:26 02-Mar-2016,,,0,-63.6510,-56.3890,CRC 47104.25423,21:39:00 04-Jul-2016,Behavior,187,128,1,201,89,192,240,70,146,81,69,205,2,252,74,57,50,210,254,159,154,183,176,67,9,152,0,1,69,96,128,
"131118",131118,Mk10,02:29:22 02-Mar-2016,,,0,-63.6510,-56.3890,CRC 62240.45856,07:29:09 02-Mar-2016,Status,0,0,196,119,73,243,32,,,,,,,,,,,,,,,,,,,,,,,,,
"131118",131118,Mk10,02:30:12 02-Mar-2016,,,0,-63.6510,-56.3890,CRC 65528.61789,21:24:00 01-Mar-2016,Behavior,191,255,128,195,86,0,199,8,128,8,9,80,70,0,64,81,162,176,2,1,164,81,9,204,145,129,214,202,127,54,82,
"131118",131118,Mk10,02:40:15 02-Mar-2016,,,B,-63.6410,-56.3290,CRC 60519.1330,15:18:00 01-Mar-2016,Behavior,190,198,112,194,244,130,235,44,151,223,73,232,167,136,1,0,144,60,1,36,208,45,135,205,138,219,192,241,253,19,206,
"131118",131118,Mk10,04:12:03 02-Mar-2016,,,B,-63.6340,-56.3100,CRC 42942.63910,03:57:00 29-Feb-2016,Behavior,186,123,224,186,62,65,20,140,192,231,7,176,226,71,60,169,114,4,24,193,239,50,221,63,102,126,120,25,188,167,140,
"131118",131118,Mk10,05:58:21 02-Mar-2016,,,A,-63.5430,-56.3670,CRC 21095.58001,22:58:00 29-Feb-2016,Behavior,181,38,112,187,110,128,103,46,66,135,66,97,2,42,34,82,5,119,240,69,83,174,99,189,156,177,111,90,168,225,17,
"131118",131118,Mk10,06:00:10 02-Mar-2016,,,A,-63.5430,-56.3670,CRC 24515.14142,22:21:00 29-Feb-2016,Behavior,181,252,48,187,101,65,131,14,128,8,4,97,178,5,182,93,161,32,227,191,245,49,236,123,140,96,87,150,168,137,151,
"131118",131118,Mk10,06:34:47 02-Mar-2016,,,B,-63.5240,-56.3740,CRC 12471.40460,,DiveDepth,51,11,112,67,160,133,0,109,70,254,131,126,65,47,228,102,69,106,149,106,213,171,84,169,89,68,3,,,,,
"131118",131118,Mk10,06:45:39 02-Mar-2016,,,B,-63.5570,-56.1940,CRC 63101.59217,04:42:00 28-Feb-2016,Behavior,191,103,208,184,74,182,244,4,183,114,81,184,129,43,108,202,57,78,115,142,72,87,103,59,3,109,250,195,23,87,161,
"131118",131118,Mk10,20:33:19 02-Mar-2016,,,B,-63.4850,-56.5680,CRC 12455.15677,,DiveDepth,51,10,112,129,95,224,85,80,250,30,31,131,240,3,196,161,191,71,193,122,31,64,238,123,135,224,7,,,,,
"131118",131118,Mk10,00:23:37 03-Mar-2016,,,B,-63.5480,-56.6160,CRC 12454.46068,10:00:00 01-Mar-2016,DiveDepth,51,10,96,194,164,129,32,32,23,134,24,27,64,143,56,32,80,47,12,54,52,129,70,136,96,0,0,,,,,
"131118",131118,Mk10,00:28:25 03-Mar-2016,,,B,-63.5480,-56.6160,CRC 41128.17851,15:00:00 02-Mar-2016,Behavior,186,10,128,196,240,1,20,156,80,39,132,188,226,0,64,167,107,4,225,105,64,215,0,130,242,143,171,144,2,0,0,
"131118",131118,Mk10,00:35:34 03-Mar-2016,,,1,-63.5250,-56.4810,CRC 25073.46481,05:56:00 26-Mar-2016,Behavior,182,31,16,244,94,0,111,35,80,45,213,221,56,0,148,216,39,93,234,61,20,9,224,145,28,54,129,240,94,88,244,
"131118",131118,Mk10,00:37:48 03-Mar-2016,,,1,-63.5250,-56.4810,CRC 60972.27402,04:26:00 02-Jan-2016,Behavior,190,226,192,68,70,129,126,65,189,36,238,79,134,237,135,243,89,83,25,31,204,100,64,8,3,169,99,69,205,162,38,
"131118",131118,Mk10,00:38:40 03-Mar-2016,,,1,-63.5250,-56.4810,CRC 61326.1691,19:48:00 30-Jan-2016,Behavior,190,248,224,125,60,10,43,46,111,239,89,62,136,7,255,204,64,3,90,31,150,199,135,147,133,131,229,209,209,245,124,
"131118",131118,Mk10,00:40:53 03-Mar-2016,,,1,-63.5250,-56.4810,CRC 47834.2104,04:00:00 02-Mar-2016,DiveDepth,59,173,160,196,67,131,242,19,192,30,129,224,138,131,160,161,186,70,216,7,131,32,5,10,6,250,0,,,,,
"131118",131118,Mk10,02:16:23 03-Mar-2016,,,B,-63.5290,-56.5720,CRC 47827.35493,,DiveDepth,59,173,63,255,7,131,195,193,227,255,0,67,67,66,195,128,15,147,172,247,145,98,165,97,79,103,201,,,,,
"131118",131118,Mk10,03:06:34 03-Mar-2016,,,B,-63.5350,-56.5830,CRC 60863.29298,,Behavior,190,219,248,198,191,198,224,172,252,47,131,224,28,252,30,135,244,250,27,37,208,45,39,145,247,38,97,48,32,192,235,
"131118",131118,Mk10,03:16:24 03-Mar-2016,,,B,-63.4920,-56.6020,CRC 583.20434,,Behavior,176,36,122,85,240,133,120,31,178,254,248,23,152,0,252,31,162,215,197,72,52,24,127,199,7,129,181,223,129,191,240,
"131118",131118,Mk10,03:47:51 03-Mar-2016,,,B,-63.4950,-56.5740,CRC 61326.45845,04:11:00 02-Mar-2016,Behavior,190,248,224,196,66,192,49,48,64,8,0,98,184,7,254,11,232,30,208,5,128,240,60,185,228,172,127,249,24,177,117,
"131118",131118,Mk10,05:24:39 03-Mar-2016,,,B,-63.5010,-56.5910,CRC 32263.58755,07:30:00 01-Mar-2016,Behavior,183,224,112,194,119,128,208,186,3,215,71,116,148,2,64,46,5,213,67,224,211,108,136,48,11,66,36,12,112,0,0,
"131118",131118,Mk10,05:32:23 03-Mar-2016,,,B,-63.5010,-56.5910,CRC 21032.23915,00:11:00 29-Jul-2016,Behavior,181,34,129,250,2,252,240,1,248,31,254,6,150,161,3,120,57,160,160,118,1,10,135,130,236,121,242,146,124,253,111,
"131118",131118,Mk10,07:05:05 03-Mar-2016,,,B,-63.5090,-56.6150,CRC 65528.36588,05:56:00 16-Mar-2016,Behavior,191,255,128,224,94,0,221,240,63,247,130,171,238,127,207,144,236,191,128,127,171,55,176,42,210,240,236,124,48,61,252,
"131118",131118,Mk10,08:51:28 03-Mar-2016,,,B,-63.5550,-56.6210,CRC 60910.20056,20:03:00 02-Mar-2016,Behavior,190,222,224,197,64,193,152,190,197,39,131,133,18,86,188,111,110,26,160,63,217,7,185,109,59,92,216,181,27,22,241,
"131118",131118,Mk10,10:21:42 03-Mar-2016,,,A,-63.5480,-56.4010,CRC 32530.18386,04:44:00 02-Mar-2016,Behavior,183,241,32,196,75,0,104,42,85,97,224,134,88,135,110,7,118,165,173,94,128,20,104,21,224,127,64,30,47,128,218,
"131118",131118,Mk10,10:23:24 03-Mar-2016,,,A,-63.5480,-56.4010,CRC 60942.21370,20:15:00 31-Jan-2016,Behavior,190,224,224,127,67,248,67,52,3,176,3,96,246,38,124,20,70,193,93,224,121,64,0,16,143,83,196,73,114,49,1,
"131118",131118,Mk10,10:24:18 03-Mar-2016,,,A,-63.5480,-56.4010,CRC 57920.28608,,DiveDepth,62,36,0,191,7,192,19,240,112,63,11,182,37,240,64,52,18,250,11,252,53,134,46,15,21,1,124,,,,,
"131118",131118,Mk10,10:33:04 03-Mar-2016,,,B,-63.5500,-56.3960,CRC 9250.45282,,Behavior,178,66,42,196,63,128,78,14,64,24,2,57,139,176,175,17,125,128,255,63,32,2,90,232,2,223,151,48,229,80,100,
"131118",131118,Mk10,12:05:20 03-Mar-2016,,,B,-63.5600,-56.3540,CRC 10099.28931,,Behavior,178,119,51,192,77,0,120,60,64,142,68,248,20,0,74,23,118,144,93,193,154,30,192,18,129,208,29,224,248,190,156,
"131118",131118,Mk10,20:23:29 03-Mar-2016,,,B,-63.6650,-55.9740,CRC 41128.23622,13:04:00 02-Mar-2016,Behavior,186,10,128,196,209,1,79,106,49,83,26,246,67,187,131,209,8,248,168,142,226,10,152,241,254,17,221,24,193,195,225,
"131118",131118,Mk10,22:04:13 03-Mar-2016,,,B,-63.6520,-55.7670,CRC 47835.36282,04:00:00 02-Mar-2016,DiveDepth,59,173,176,196,67,131,54,19,195,18,141,32,138,138,5,225,138,6,208,3,130,2,0,19,51,50,110,,,,,
"131118",131118,Mk10,22:08:17 03-Mar-2016,,,B,-63.6520,-55.7670,CRC 4208.44840,01:24:00 05-Mar-2016,Behavior,177,7,0,202,22,11,232,124,148,33,104,218,148,124,212,132,240,26,220,81,55,44,96,185,254,94,84,211,120,198,124,
"131118",131118,Mk10,02:43:54 04-Mar-2016,,,B,-63.6950,-55.4460,CRC 65234.12964,,Behavior,191,237,35,199,50,1,252,58,3,43,188,25,8,16,2,0,132,84,151,15,2,81,228,0,128,37,152,36,83,192,0,
"131118",131118,Mk10,03:24:53 04-Mar-2016,,,B,-63.6980,-55.2450,CRC 45167.65169,,Behavior,187,6,248,69,254,1,34,92,47,171,250,240,178,0,96,15,168,20,21,208,3,72,130,46,7,104,104,0,128,0,0,
"131118",131118,Mk10,04:33:35 04-Mar-2016,,,B,-63.6810,-55.1670,CRC 29622.39593,,Behavior,183,59,107,217,169,162,10,18,191,32,201,69,18,94,147,126,111,88,51,76,153,11,79,197,241,88,199,115,70,122,160,
"131118",131118,Mk10,18:30:53 04-Mar-2016,,,A,-63.6660,-55.3930,CRC 13824.21825,00:00:00 04-Mar-2016,TimeSeries,211,96,0,200,8,0,136,82,121,148,178,34,167,243,34,168,183,140,156,0,114,8,179,195,134,182,181,253,133,123,252,
"131118",131118,Mk10,18:31:48 04-Mar-2016,,,A,-63.6660,-55.3930,CRC 10121.51259,00:21:00 04-Mar-2016,Behavior,178,120,144,200,5,64,41,30,77,215,130,73,114,16,186,11,72,0,201,216,107,94,136,201,209,204,196,129,117,13,49,
"131118",131118,Mk10,18:33:59 04-Mar-2016,,,A,-63.6660,-55.3930,CRC 57322.18225,00:00:00 04-Mar-2016,Behavior,189,254,160,200,0,0,79,6,129,87,4,97,179,137,124,175,56,46,120,66,13,139,114,22,104,139,250,81,111,180,104,
"131118",131118,Mk10,03:07:50 05-Mar-2016,,,B,-63.5990,-55.3860,CRC 46802.2146,19:15:00 03-Mar-2016,Behavior,187,109,32,199,51,193,253,42,99,43,188,25,8,16,2,0,132,117,179,15,80,85,244,0,210,117,239,194,30,217,247,
"131118",131118,Mk10,11:27:19 05-Mar-2016,,,B,-63.5130,-54.7320,CRC 39543.20344,09:00:00 04-Mar-2016,TimeSeries,217,167,112,200,152,2,5,85,32,192,214,76,9,25,73,12,212,100,235,213,72,153,194,60,132,88,141,73,72,69,204,
"131118",131118,Mk10,04:22:05 06-Mar-2016,,,B,-63.5700,-55.1300,CRC 62272.5598,23:10:00 04-Mar-2016,Behavior,191,52,0,201,114,128,70,162,64,24,199,63,31,143,114,8,129,102,6,5,32,196,95,222,193,158,219,237,242,192,220,
"131118",131118,Mk10,04:27:48 06-Mar-2016,,,B,-63.4420,-55.2590,CRC 10526.53628,22:41:00 04-Mar-2016,Behavior,178,145,224,201,106,64,194,142,128,8,13,64,116,0,64,31,71,16,2,64,51,21,17,207,159,218,71,1,98,40,81,
"131118",131118,Mk10,05:47:57 06-Mar-2016,,,B,-63.4250,-55.2170,CRC 2318.55217,13:44:00 04-Mar-2016,Behavior,176,144,224,200,219,2,233,206,197,102,120,139,158,41,5,120,131,165,18,15,133,98,127,64,169,202,20,89,225,121,38,
"131118",131118,Mk10,07:31:56 06-Mar-2016,,,B,-63.4000,-54.9180,CRC 29722.9758,22:00:00 03-Mar-2016,DiveDepth,55,65,160,199,99,130,144,59,195,33,12,224,199,133,240,200,163,136,33,49,161,2,128,4,240,113,83,,,,,
"131118",131118,Mk10,10:50:18 06-Mar-2016,,,B,-63.3570,-54.5920,CRC 30027.49617,16:32:00 05-Mar-2016,Behavior,183,84,176,203,8,1,253,4,128,215,22,253,53,0,16,27,147,0,0,72,98,140,88,225,224,167,19,159,246,166,157,
"131118",131118,Mk10,16:28:24 06-Mar-2016,,,B,-63.4330,-54.7240,CRC 45974.39190,18:41:00 05-Mar-2016,Behavior,187,57,96,203,42,65,16,140,128,134,68,16,4,0,64,25,169,160,201,208,141,68,157,175,23,97,136,49,252,0,0,
"131118",131118,Mk10,18:57:54 06-Mar-2016,,,B,-63.5100,-55.1060,CRC 45113.25746,00:48:00 05-Mar-2016,Behavior,187,3,144,202,12,0,39,58,64,8,3,168,132,0,64,20,76,117,50,109,131,160,246,112,218,81,250,151,39,83,252,
"131118",131118,Mk10,22:54:58 06-Mar-2016,,,B,-63.5740,-55.2330,CRC 34070.9612,14:19:00 06-Mar-2016,Behavior,184,81,96,204,228,192,98,146,128,8,3,56,228,0,64,15,36,32,2,0,117,25,0,16,4,33,65,16,132,66,0,
"131118",131118,Mk10,07:30:12 07-Mar-2016,,,B,-63.5390,-55.4720,CRC 11228.34501,16:07:00 06-Mar-2016,Behavior,178,189,192,205,1,192,222,144,192,8,5,145,244,4,54,89,69,48,130,1,106,69,0,205,5,240,250,227,191,8,124,
"131118",131118,Mk10,10:42:56 07-Mar-2016,,,B,-63.5370,-55.3910,CRC 3929.43786,18:16:00 05-Mar-2016,Behavior,176,245,144,203,36,1,77,14,32,82,212,24,20,99,9,154,38,21,62,68,71,148,213,208,243,83,96,254,2,87,139,
"131118",131118,Mk10,22:37:17 07-Mar-2016,,,B,-63.1800,-54.8930,CRC 37584.12586,13:40:00 06-Mar-2016,Behavior,185,45,0,204,218,0,84,36,128,72,0,180,47,152,190,66,247,255,254,239,226,138,135,42,123,49,98,249,55,112,140,
"131118",131118,Mk10,00:17:37 08-Mar-2016,,,B,-63.2130,-54.8450,CRC 34921.40682,03:15:00 08-Mar-2016,Behavior,184,134,144,208,51,192,58,128,128,8,5,64,151,14,162,216,101,61,190,82,16,160,202,4,214,238,2,203,133,110,240,
"131118",131118,Mk10,03:48:05 08-Mar-2016,,,B,-63.2920,-54.8110,CRC 4803.18528,22:13:00 07-Mar-2016,Behavior,177,44,48,207,99,112,110,192,191,64,30,30,27,55,73,239,189,222,158,109,41,237,2,238,226,86,182,110,6,211,247,
"131118",131118,Mk10,03:55:09 08-Mar-2016,,,B,-63.5100,-54.7920,CRC 21704.60257,04:22:00 07-Mar-2016,Behavior,181,76,128,206,69,128,212,188,139,135,154,68,83,55,141,98,145,191,83,186,120,25,31,204,173,246,226,76,156,62,209,
"131118",131118,Mk10,06:50:27 08-Mar-2016,,,B,-63.6520,-54.3200,CRC 64476.56013,13:16:00 06-Mar-2016,Behavior,191,189,192,204,212,0,186,144,192,8,4,16,132,0,64,47,10,32,93,210,114,89,28,116,150,215,154,235,231,202,24,
"131118",131118,Mk10,07:03:35 08-Mar-2016,,,B,-63.7190,-54.0950,CRC 10350.161,04:01:00 06-Mar-2016,Behavior,178,134,224,204,64,64,142,156,64,118,194,136,20,203,174,132,170,4,85,116,15,143,44,202,240,94,172,79,135,148,1,
"131118",131118,Mk10,07:17:11 08-Mar-2016,,,B,-63.8100,-53.9720,CRC 64880.20332,01:54:00 06-Mar-2016,Behavior,191,215,0,204,29,128,48,30,64,238,66,216,246,148,11,199,177,124,44,179,16,10,9,87,146,118,69,84,34,157,112,
"131118",131118,Mk10,08:38:38 08-Mar-2016,,,B,-63.8570,-53.8550,CRC 4621.27393,21:57:00 07-Mar-2016,Behavior,177,32,208,207,94,65,90,52,64,8,1,116,20,0,64,23,2,160,2,0,110,141,72,132,133,165,193,138,134,120,204,
"131118",131118,Mk10,08:49:34 08-Mar-2016,,,B,-63.8860,-53.7830,CRC 33321.376,20:35:00 07-Mar-2016,Behavior,184,34,144,207,72,193,118,140,192,8,2,40,84,0,64,49,130,165,217,228,151,32,177,36,175,23,54,203,60,36,77,
"131118",131118,Mk10,11:14:42 08-Mar-2016,,,B,-64.0120,-53.5830,CRC 50725.15408,10:00:00 05-Mar-2016,DiveDepth,60,98,80,202,167,132,26,52,56,0,32,124,51,192,214,12,202,0,160,124,54,254,88,112,160,56,119,,,,,
"131118",131118,Mk10,13:05:47 08-Mar-2016,,,B,-64.0550,-53.6200,CRC 7510.44156,22:13:00 06-Mar-2016,Behavior,177,213,96,205,99,64,240,12,192,8,6,80,54,6,184,29,10,32,2,1,16,113,2,238,139,96,108,65,141,151,7,
"131118",131118,Mk10,02:09:27 09-Mar-2016,,,B,-64.0100,-53.6490,CRC 44772.60228,14:05:00 07-Mar-2016,Behavior,186,238,64,206,225,64,162,132,128,8,82,129,66,0,64,23,46,16,2,0,137,13,0,16,7,73,68,56,253,154,73,
"131118",131118,Mk10,05:01:18 09-Mar-2016,,,B,-64.0480,-53.5940,CRC 11960.34617,03:12:00 26-Oct-2016,Behavior,178,235,130,180,51,50,79,75,1,197,182,172,0,173,99,12,140,76,232,223,67,179,103,47,82,123,52,8,86,34,217,
"131118",131118,Mk10,05:13:37 09-Mar-2016,,,B,-64.0510,-53.5330,CRC 31592.16930,19:28:00 08-Mar-2016,Behavior,183,182,128,209,55,0,55,36,72,101,195,233,116,0,64,52,234,8,94,172,41,97,239,55,162,35,30,188,44,183,179,
"131118",131118,Mk10,07:00:57 09-Mar-2016,,,B,-64.0720,-53.4820,CRC 14347.12229,21:10:00 07-Mar-2016,Behavior,179,128,176,207,82,128,58,128,130,8,8,209,226,0,64,24,170,144,2,0,220,107,128,16,1,117,44,94,1,9,36,
"131118",131118,Mk10,07:59:10 09-Mar-2016,,,B,-64.0740,-53.4770,CRC 24687.57987,13:44:00 07-Mar-2016,Behavior,182,6,240,206,219,1,74,130,136,231,132,208,36,0,64,47,42,144,12,229,197,136,95,200,169,228,122,167,175,178,193,
"131118",131118,Mk10,08:21:43 09-Mar-2016,,,B,-64.0840,-53.4370,CRC 28547.5084,03:58:00 07-Mar-2016,Behavior,182,248,48,206,62,128,251,92,192,73,71,7,164,163,120,167,15,96,30,64,76,71,25,40,241,219,224,6,119,230,234,
"131118",131118,Mk10,10:02:45 09-Mar-2016,,,B,-64.1030,-53.3850,CRC 11211.20884,07:34:00 02-Mar-2016,Behavior,178,188,176,196,120,188,187,70,191,56,2,30,121,43,239,174,23,168,63,33,255,149,203,72,201,150,225,7,19,91,13,
"131118",131118,Mk10,14:14:24 09-Mar-2016,,,B,-64.1220,-53.3350,CRC 54444.62051,14:49:00 08-Mar-2016,Behavior,189,74,192,208,236,124,71,167,136,244,100,6,188,182,232,108,36,117,82,82,89,188,254,249,212,35,47,49,177,74,151,
"131118",131118,Mk10,20:00:31 09-Mar-2016,,,B,-64.0950,-53.3230,CRC 56518.49093,23:02:00 09-Mar-2016,Behavior,189,204,96,211,112,129,69,56,129,87,20,117,93,69,58,120,181,85,64,123,132,108,234,0,48,42,167,209,168,43,95,
"131118",131118,Mk10,20:01:40 09-Mar-2016,,,B,-64.0950,-53.3230,CRC 11134.50457,23:00:00 09-Mar-2016,TimeSeries,210,183,224,211,120,3,139,150,127,133,181,21,213,85,21,25,153,149,25,217,153,152,17,81,17,5,9,84,145,81,8,
"131118",131118,Mk10,20:45:32 09-Mar-2016,,,B,-64.1050,-53.3450,CRC 45193.12128,16:00:00 09-Mar-2016,TimeSeries,219,8,144,211,8,3,194,153,175,47,49,234,84,242,101,156,78,229,213,170,140,92,138,111,60,129,213,70,0,126,160,
"131118",131118,Mk10,20:46:39 09-Mar-2016,,,B,-64.1050,-53.3450,CRC 25841.42236,15:00:00 09-Mar-2016,TimeSeries,214,79,16,210,248,2,166,237,115,50,249,91,119,114,36,90,151,54,161,141,210,173,167,55,115,22,234,86,101,198,176,
"131118",131118,Mk10,00:18:17 10-Mar-2016,,,B,-64.1680,-53.1470,CRC 32510.49913,06:42:00 09-Nov-2016,Behavior,183,239,226,210,106,128,219,8,192,40,2,122,5,124,222,160,6,48,197,34,39,224,52,28,99,158,73,149,191,113,36,
"131118",131118,Mk10,03:30:58 10-Mar-2016,,,A,-64.0800,-52.9140,CRC 29733.48484,15:40:00 08-Mar-2016,Behavior,183,66,80,208,250,13,233,60,15,7,238,77,111,201,148,6,134,60,141,196,106,21,50,253,58,65,121,72,116,19,235,
"131118",131118,Mk10,03:33:55 10-Mar-2016,,,A,-64.0800,-52.9140,CRC 25055.344,20:31:00 08-Mar-2016,Behavior,182,29,240,209,71,209,25,6,132,134,196,68,38,9,182,20,110,16,2,0,242,116,128,16,6,22,232,120,27,128,255,
"131118",131118,Mk10,05:14:37 10-Mar-2016,,,B,-64.0810,-52.8430,CRC 22458.33581,10:00:00 08-Mar-2016,DiveDepth,53,123,160,208,165,128,8,28,16,47,13,16,52,128,14,164,223,134,139,28,64,15,184,78,18,48,160,16,96,175,245,
"131118",131118,Mk10,05:53:33 10-Mar-2016,,,B,-64.0790,-52.8490,CRC 7145.56316,04:00:00 09-Mar-2016,DiveDepth,49,190,144,210,68,129,27,40,23,134,149,26,64,136,74,35,195,76,12,192,0,160,0,,,,,,,,,
"131118",131118,Mk10,06:57:10 10-Mar-2016,,,B,-64.1140,-53.0550,CRC 43839.65257,,Behavior,186,179,240,211,144,0,125,136,184,26,9,200,167,221,140,33,227,208,176,218,235,30,40,190,186,81,153,221,71,176,140,
"131118",131118,Mk10,06:58:10 10-Mar-2016,,,B,-64.1140,-53.0550,CRC 2051.44375,11:00:00 08-Sep-2015,TAT,32,128,62,80,190,99,39,80,178,67,41,2,4,57,240,213,126,169,220,158,163,103,34,103,85,114,29,103,207,9,231,
"131118",131118,Mk10,07:56:59 10-Mar-2016,,,B,-64.1110,-53.0890,CRC 23379.11607,13:02:00 25-Mar-2016,Behavior,181,181,48,242,208,186,200,125,248,64,70,255,12,181,64,214,196,78,14,240,99,225,232,95,160,99,127,157,36,30,30,
"131118",131118,Mk10,10:07:41 10-Mar-2016,,,B,-64.0900,-53.1530,CRC 34921.3686,03:15:00 08-Mar-2016,Behavior,184,134,144,208,51,192,58,128,128,8,5,68,20,4,54,87,10,182,86,243,145,131,198,11,217,177,89,237,209,89,76,
"131118",131118,Mk10,12:01:23 10-Mar-2016,,,B,-64.0630,-53.2410,CRC 56828.8051,00:57:00 10-Mar-2016,Behavior,189,223,192,212,14,65,141,58,129,103,73,88,54,10,56,90,0,176,125,194,254,5,137,46,16,180,45,137,64,251,207,
"131118",131118,Mk10,13:02:25 10-Mar-2016,,,B,-64.0540,-53.3370,CRC 53462.1431,18:00:00 09-Mar-2016,TimeSeries,221,13,96,211,40,0,233,153,161,149,214,30,25,146,98,33,166,162,74,222,33,228,230,34,22,34,34,18,98,33,36,
"131118",131118,Mk10,22:23:30 10-Mar-2016,,,B,-64.0610,-53.9970,CRC 42250.54326,12:33:00 10-Mar-2016,Behavior,186,80,160,212,200,64,158,164,91,141,224,213,92,128,16,4,138,228,220,249,242,68,228,91,72,251,53,63,84,184,117,
"131118",131118,Mk10,03:20:31 11-Mar-2016,,,B,-64.0690,-54.1250,CRC 47339.27162,06:00:00 09-Mar-2016,TimeSeries,219,142,176,210,104,7,10,19,140,115,128,107,248,231,129,120,79,69,50,5,121,154,131,90,59,0,191,91,129,244,31,
"131118",131118,Mk10,04:20:40 11-Mar-2016,,,B,-64.1150,-53.6390,CRC 29378.1960,,Behavior,183,44,34,186,223,218,39,209,121,39,61,205,110,151,120,40,136,155,74,68,37,248,46,158,108,81,144,47,17,56,180,
"131118",131118,Mk10,05:09:05 11-Mar-2016,,,B,-64.1390,-53.6910,CRC 28829.34720,09:31:00 11-Mar-2016,Behavior,183,9,208,214,151,192,240,56,128,8,6,128,22,0,64,18,45,16,18,1,216,97,64,18,91,120,2,243,10,7,238,
"131118",131118,Mk10,07:15:25 11-Mar-2016,,,B,-64.2040,-53.7390,CRC 46701.33642,19:49:00 10-Mar-2016,Behavior,187,102,208,213,60,66,137,82,64,253,213,13,133,130,147,164,36,180,1,152,53,19,32,38,233,124,143,2,135,75,12,
"131118",131118,Mk10,08:11:03 11-Mar-2016,,,B,-64.2080,-53.8290,CRC 46086.23650,03:52:00 10-Mar-2016,Behavior,187,64,96,212,61,0,96,6,128,202,122,88,67,225,85,17,122,252,197,205,99,133,106,114,65,101,115,107,123,243,144,
"131118",131118,Mk10,08:11:03 11-Mar-2016,,,B,-64.2840,-53.7900,CRC 46086.19363,03:52:00 10-Mar-2016,Behavior,187,64,96,212,61,0,97,6,129,196,189,225,232,82,13,3,215,251,21,58,94,8,16,35,190,142,181,111,1,99,219,
"131118",131118,Mk10,11:34:06 11-Mar-2016,,,B,-64.2630,-53.9640,CRC 61606.46462,09:00:00 09-Mar-2016,TimeSeries,223,10,96,210,152,3,232,162,34,33,37,195,15,38,212,179,94,245,14,249,135,243,56,227,151,114,10,102,0,125,207,
"131118",131118,Mk10,22:05:41 11-Mar-2016,,,B,-64.3970,-54.3500,CRC 58799.62994,02:27:05 10-Apr-2016,Fast-GPS,126,90,241,20,45,177,120,85,43,0,198,85,230,180,151,226,97,87,99,171,219,159,49,104,86,191,148,104,196,136,50,
"131118",131118,Mk10,02:22:18 12-Mar-2016,,,B,-64.3010,-54.2710,CRC 46894.2699,15:56:00 11-Mar-2016,Behavior,187,114,224,214,254,0,96,184,84,13,225,102,97,1,238,40,216,79,0,32,92,100,104,2,178,165,136,48,0,255,226,
"131118",131118,Mk10,02:23:11 12-Mar-2016,,,B,-64.3010,-54.2710,CRC 44712.60225,14:19:00 11-Mar-2016,Behavior,186,234,128,214,228,192,178,160,94,5,227,4,56,177,187,198,82,42,94,71,202,29,191,237,0,97,194,171,167,15,221,
"131118",131118,Mk10,03:13:18 12-Mar-2016,,,B,-64.3040,-54.2660,CRC 33235.32806,,Fluorometer,232,29,63,223,73,219,115,77,224,12,49,3,231,51,58,79,212,232,162,215,221,251,250,71,126,124,142,228,2,230,136,
"131118",131118,Mk10,03:59:01 12-Mar-2016,,,B,-64.3030,-54.2430,CRC 38994.32126,23:02:00 10-Mar-2016,Behavior,185,133,32,213,112,128,189,2,192,167,6,16,70,4,182,161,65,12,0,128,142,140,96,167,194,208,97,231,158,165,142,
"131118",131118,Mk10,04:05:32 12-Mar-2016,,,B,-64.3030,-54.2430,CRC 56628.14049,22:31:00 10-Mar-2016,Behavior,189,211,64,213,103,193,32,6,192,8,6,16,118,3,174,39,212,48,2,1,33,5,130,142,28,153,102,72,91,90,194,
"131118",131118,Mk10,08:31:20 12-Mar-2016,,,B,-64.3310,-54.2760,CRC 51815.6454,12:06:00 11-Mar-2016,Behavior,188,166,112,214,193,128,78,150,128,8,1,165,130,24,186,24,74,144,20,144,205,73,231,199,220,249,27,38,4,87,188,
"131118",131118,Mk10,08:53:17 12-Mar-2016,,,B,-64.3160,-54.2540,CRC 48687.15607,00:03:00 11-Mar-2016,Behavior,187,226,240,214,0,224,94,164,64,8,11,16,70,6,56,36,192,176,201,62,6,8,11,193,106,55,232,255,48,45,202,
"131118",131118,Mk10,12:40:26 12-Mar-2016,,,B,-64.3240,-54.3160,CRC 20757.40983,11:30:00 12-Mar-2016,Behavior,181,17,80,216,183,129,96,14,195,199,137,144,246,33,188,86,9,176,2,2,128,69,7,234,132,93,181,121,30,20,158,
"131118",131118,Mk10,13:57:05 12-Mar-2016,,,B,-64.3030,-54.3120,CRC 4465.26501,04:00:00 12-Mar-2016,Behavior,177,23,16,216,64,0,54,178,64,8,4,224,38,46,58,156,191,68,184,7,85,111,55,73,240,224,23,196,139,82,108,
"131118",131118,Mk10,16:57:24 12-Mar-2016,,,B,-64.3210,-54.3690,CRC 48679.48687,00:03:00 11-Mar-2016,Behavior,187,226,112,214,0,192,94,164,64,8,11,16,70,6,56,36,196,176,201,209,240,37,130,78,5,106,196,0,128,0,0,
"131118",131118,Mk10,18:40:31 12-Mar-2016,,,B,-64.3270,-54.3800,CRC 7145.9655,04:00:00 09-Jan-2016,DiveDepth,49,190,144,82,68,129,27,40,23,134,149,26,64,136,74,35,131,76,12,224,128,136,16,,,,,,,,,
"131118",131118,Mk10,20:56:13 12-Mar-2016,,,B,-64.3500,-54.3990,CRC 15556.62641,10:53:00 12-Mar-2016,Behavior,179,204,64,216,173,65,119,12,193,167,77,232,166,17,56,82,130,176,233,210,222,4,97,102,145,27,17,154,140,82,83,
"131118",131118,Mk10,02:06:15 13-Mar-2016,,,B,-64.4240,-54.4340,CRC 34414.4810,09:47:00 11-Mar-2016,Behavior,184,102,224,214,155,192,226,28,128,166,6,113,100,3,176,72,142,36,221,147,100,209,108,155,44,77,153,182,65,147,118,
"131118",131118,Mk10,02:56:56 13-Mar-2016,,,B,-64.4370,-54.4430,CRC 667.13288,02:49:00 11-Mar-2016,Behavior,176,41,176,214,44,64,191,21,5,119,138,57,102,38,184,20,34,192,2,5,5,92,32,4,4,124,164,1,217,0,0,
"131118",131118,Mk10,03:04:39 13-Mar-2016,,,B,-64.4390,-54.4530,CRC 20634.16819,00:47:00 11-Mar-2016,Behavior,181,9,160,214,11,192,225,48,195,199,135,25,102,32,190,83,167,176,2,1,165,10,14,111,11,139,4,1,0,90,143,
"131118",131118,Mk10,03:40:53 13-Mar-2016,,,B,-64.4550,-54.4320,CRC 12221.10621,06:18:00 13-Mar-2016,Behavior,178,251,208,218,100,128,237,36,194,183,70,216,182,17,58,59,132,176,153,209,194,33,128,16,13,233,172,33,112,0,9,
"131118",131118,Mk10,04:42:39 13-Mar-2016,,,B,-64.4820,-54.4390,CRC 9287.39751,15:32:00 12-Mar-2016,Behavior,178,68,112,216,248,1,3,22,193,198,202,38,124,190,62,41,164,221,169,90,57,111,183,148,1,121,224,87,65,85,85,
"131118",131118,Mk10,07:57:58 13-Mar-2016,,,B,-64.4990,-54.4280,CRC 34196.904,09:09:00 11-Mar-2016,Behavior,184,89,64,214,146,64,147,12,128,167,8,161,196,9,54,196,13,164,34,66,65,113,18,88,163,24,17,228,14,83,125,
"131118",131118,Mk10,08:38:59 13-Mar-2016,,,B,-64.5040,-54.3730,CRC 30830.59734,03:55:00 11-Mar-2016,Behavior,183,134,224,214,61,192,104,138,130,207,75,24,163,252,254,13,201,238,64,90,221,92,55,215,29,32,211,134,178,222,206,
"131118",131118,Mk10,08:39:43 13-Mar-2016,,,B,-64.5040,-54.3730,CRC 60030.2563,03:24:00 11-Mar-2016,Behavior,190,167,224,214,54,0,240,52,68,199,75,120,232,18,58,25,8,57,52,214,109,116,4,160,48,172,159,84,87,67,70,
"131118",131118,Mk10,10:35:33 13-Mar-2016,,,B,-64.5280,-54.3200,Too short,,Behavior,179,72,64,,,,,,,,,,,,,,,,,,,,,,,,,,,,,
"131118",131118,Mk10,11:59:34 13-Mar-2016,,,B,-64.5430,-54.2900,CRC 31234.59076,15:07:00 12-Mar-2016,Behavior,183,160,32,216,241,192,232,26,193,23,10,144,198,247,196,89,120,55,41,47,234,124,60,41,87,203,230,167,32,55,23,
"131118",131118,Mk10,13:36:36 13-Mar-2016,,,B,-64.5640,-54.3220,CRC 48040.53878,04:15:00 12-Mar-2016,Behavior,187,186,128,216,67,192,157,36,129,231,67,213,68,8,182,30,75,32,2,0,230,68,113,134,126,24,198,144,178,4,25,
"131118",131118,Mk10,20:11:30 13-Mar-2016,,,B,-64.6390,-54.2600,14-Mar-2016 00:00 > 13-Mar-2016 20:11:30,00:00:00 14-Mar-2016,TimeSeries,213,52,64,220,8,2,12,140,205,17,16,81,17,16,140,204,204,200,204,136,85,87,21,4,55,245,84,13,16,204,132,
"131118",131118,Mk10,20:25:38 13-Mar-2016,,,B,-64.5800,-54.2860,CRC 28970.45390,18:19:00 13-Mar-2016,Behavior,183,18,160,219,36,252,87,215,149,64,73,128,16,32,90,209,93,7,149,244,1,168,179,203,169,182,163,25,188,4,0,
"131118",131118,Mk10,22:00:14 13-Mar-2016,,,B,-64.5680,-54.3920,CRC 33166.46052,14:49:00 13-Mar-2016,Behavior,184,24,224,218,236,72,110,200,66,130,184,71,224,232,49,253,219,166,100,94,55,208,211,211,24,76,129,41,169,90,22,
"131118",131118,Mk10,04:28:50 14-Mar-2016,,,A,-64.5720,-54.5850,CRC 5704.52510,02:10:00 14-Mar-2016,Behavior,177,100,128,220,34,162,190,205,111,220,231,179,244,53,29,232,119,222,245,140,118,253,156,1,168,30,13,163,90,227,227,
"131118",131118,Mk10,04:30:56 14-Mar-2016,,,A,-64.5720,-54.5850,Too short,,Behavior,177,141,176,,,,,,,,,,,,,,,,,,,,,,,,,,,,,
"131118",131118,Mk10,04:31:43 14-Mar-2016,,,A,-64.5720,-54.5850,CRC 30503.21977,01:00:00 14-Mar-2016,TimeSeries,215,114,112,220,24,3,174,115,21,76,200,198,113,85,14,236,196,111,57,144,136,82,190,157,128,191,129,132,122,5,156,
"131118",131118,Mk10,07:38:31 14-Mar-2016,,,B,-64.5750,-54.6100,CRC 29339.44186,08:04:00 12-Mar-2016,Behavior,183,41,176,216,129,1,36,40,128,8,7,177,36,5,56,60,135,32,45,193,70,97,0,237,18,178,140,64,116,0,0,
"131118",131118,Mk10,10:00:46 14-Mar-2016,,,B,-64.5660,-54.6410,CRC 55652.5085,10:46:00 14-Mar-2016,Behavior,189,150,64,220,171,129,52,26,193,215,10,144,214,17,186,73,134,48,53,162,133,101,130,206,17,82,76,0,157,96,16,
"131118",131118,Mk10,20:00:21 14-Mar-2016,,,B,-64.5380,-54.6700,CRC 36475.51467,08:00:00 10-Feb-2014,TimeSeries,216,231,184,148,136,19,44,70,48,36,32,133,73,162,102,160,206,1,43,5,247,186,57,181,99,193,100,19,56,229,146,
"131118",131118,Mk10,00:45:39 15-Mar-2016,,,B,-64.5130,-54.7560,CRC 34795.64135,22:56:00 12-Mar-2016,Behavior,184,126,176,217,110,1,168,35,85,69,227,133,10,73,177,120,215,9,96,4,4,104,82,6,156,28,35,88,106,224,0,
"131118",131118,Mk10,05:31:23 15-Mar-2016,,,B,-64.5120,-54.8040,CRC 58335.8798,22:00:00 13-Mar-2016,DiveDepth,62,61,240,219,106,128,2,12,56,64,128,1,128,5,225,184,135,16,33,74,168,14,0,0,16,0,2,,,,,
"131118",131118,Mk10,05:57:51 15-Mar-2016,,,B,-64.4930,-54.8050,CRC 7209.34434,04:00:00 14-Mar-2016,TimeSeries,209,194,144,220,72,2,15,183,184,7,187,172,119,116,115,123,69,55,116,55,119,39,11,51,178,31,224,87,249,27,227,
"131118",131118,Mk10,06:16:05 15-Mar-2016,,,B,-64.5360,-54.6230,CRC 43846.52033,03:02:00 14-Mar-2016,Behavior,186,180,96,220,48,130,140,75,65,189,229,5,150,132,51,202,57,27,0,8,12,52,168,25,188,24,44,32,73,208,0,
"131118",131118,Mk10,07:26:05 15-Mar-2016,,,B,-64.5420,-54.4430,CRC 50147.52214,09:55:00 13-Mar-2016,Behavior,188,62,48,218,157,192,206,148,192,8,10,100,199,26,29,51,127,212,2,49,230,177,239,152,44,43,212,80,105,251,63,
"131118",131118,Mk10,07:49:39 15-Mar-2016,,,B,-64.5220,-54.5570,Too short,07:49:39 15-Mar-2016,Fast-GPS,124,40,32,,,,,,,,,,,,,,,,,,,,,,,,,,,,,
"131118",131118,Mk10,11:12:31 15-Mar-2016,,,B,-64.5810,-54.3370,CRC 53445.4865,09:33:00 15-Mar-2016,Behavior,189,12,80,222,152,65,116,168,192,214,202,24,166,0,64,87,134,176,2,2,136,33,128,16,41,202,83,0,32,0,0,
"131118",131118,Mk10,16:03:41 15-Mar-2016,,,B,-64.5590,-54.6450,CRC 31476.27991,07:25:00 14-Nov-2016,Behavior,183,175,66,220,118,64,226,6,193,247,71,97,100,38,35,29,235,62,233,250,68,119,143,233,22,172,200,236,60,225,30,
"131118",131118,Mk10,18:11:17 15-Mar-2016,,,B,-64.5440,-54.6250,CRC 23152.62684,03:00:00 14-Mar-2016,TimeSeries,213,167,0,220,56,2,208,2,51,191,181,128,1,51,247,240,192,64,39,115,148,4,50,102,64,31,132,19,163,166,82,
"131118",131118,Mk10,00:12:57 16-Mar-2016,,,B,-64.5400,-54.6760,CRC 52124.50893,21:16:00 14-Mar-2016,Behavior,188,185,192,221,84,2,166,64,184,134,143,27,33,149,69,221,11,99,136,1,0,71,42,64,134,109,96,168,98,80,46,
"131118",131118,Mk10,00:39:01 16-Mar-2016,,,B,-64.5350,-54.6810,CRC 27541.58460,19:00:00 14-Mar-2016,TimeSeries,214,185,80,221,56,0,244,132,0,7,187,187,8,4,0,64,51,123,172,192,64,64,34,136,115,217,13,220,65,7,113,
"131118",131118,Mk10,02:16:59 16-Mar-2016,,,B,-64.5010,-54.5990,CRC 53436.22525,15:00:00 14-Mar-2013,TimeSeries,221,11,196,220,248,0,134,51,14,175,110,78,239,110,107,110,167,115,119,20,207,114,238,169,102,242,233,206,166,102,156,
"131118",131118,Mk10,02:38:52 16-Mar-2016,,,B,-64.4920,-54.6040,CRC 43277.42848,13:00:00 14-Mar-2016,TimeSeries,218,144,208,220,216,1,15,161,221,17,153,83,33,220,78,49,216,103,49,110,227,244,222,19,57,22,13,135,252,102,25,
"131118",131118,Mk10,04:09:20 16-Mar-2016,,,B,-64.4710,-54.4760,CRC 19380.39151,10:00:00 15-Mar-2016,DiveDepth,52,187,64,222,168,128,0,16,144,208,128,64,248,111,129,228,0,32,64,192,14,213,48,190,177,231,173,,,,,
"131118",131118,Mk10,07:12:41 16-Mar-2016,,,B,-64.4410,-54.3980,CRC 25439.28613,01:57:00 16-Mar-2016,Behavior,182,53,240,224,30,65,194,19,75,71,206,152,106,62,54,5,33,23,59,146,160,212,63,51,143,217,60,232,138,11,133,
"131118",131118,Mk10,03:54:35 17-Mar-2016,,,B,-64.3370,-53.8870,CRC 9167.19702,12:00:00 16-Mar-2016,Behavior,178,60,240,224,192,17,251,102,71,109,121,222,95,223,20,40,214,95,238,73,153,130,90,129,79,217,142,246,206,7,26,
"131118",131118,Mk10,04:44:39 17-Mar-2016,,,B,-64.3430,-53.7950,CRC 60648.39403,00:42:00 16-Mar-2016,Behavior,190,206,128,224,10,129,219,19,71,151,142,24,154,168,240,23,79,34,130,109,254,163,100,124,202,203,199,182,171,74,76,
"131118",131118,Mk10,06:20:45 17-Mar-2016,,,B,-64.3390,-53.7880,CRC 49419.63715,06:25:00 15-Mar-2016,Behavior,188,16,176,222,102,65,34,0,38,195,16,41,236,170,71,149,181,155,1,180,61,234,239,153,165,30,106,201,64,54,108,
